published_at,source_id,source_name,title,manual_label,manual_reason,rule_label,rule_score,rule_agrees,summary_excerpt,attachment_count,link_count,url
2026-09-22,student_notice,学工通知,电子信息学院关于评选2025-2026学年度奖学金和先进班集体先进个人的通知,keep,本科生奖学金与评奖评优申请,keep,6,True,为引导学生勤奋学习、刻苦钻研，培养学生团结奋进精神和集体主义观念，建设优良的校风、学风，促进学生德、智、体、美、劳全面发展，根据《武汉大学本科学生奖学金管理办法》《武汉大学本科学生先进个人评选表彰办法》《武汉大学本科学生先进班集体评选表彰办法》《关于评选2025-2026学年度奖学金和先进班集体先进个人的通知》等文件以及相关会议精神，学校将开展2025-2026学年度奖学金和先进班集体、先进班集体标兵以及优秀学生、三好学生、...,1,0,https://eis.whu.edu.cn/info/1411/64941.htm
2026-09-19,student_notice,学工通知,电子信息学院关于2026年学生中秋节、国庆节放假安排的通知,keep,重要本科生教学与假期安排,keep,3,True,全院学生：根据学校《关于2026年部分节假日安排的通知》及相关文件要求，2026年中秋节9月25日（周五）至27日（周日）放假，共3天；国庆节10月1日（周四）至7日（周三）放假调休，共7天，现将2026年国庆节、中秋节放假安排及相关工作通知如下：一、时间安排9月20日（周日），教学安排按第5周周二课表执行；中秋节：9月25日，所有课程停上；9月26日-27日，按原课表执行；国庆节：10月1日-7日，所有课程停上；10月10日（周六），教学安排按第5周周三课表执行。...,0,0,https://eis.whu.edu.cn/info/1411/64921.htm
2026-09-16,student_notice,学工通知,武汉大学电子信息学院学生工作办公室本科生学生助理招募通知,keep,面向本科生的岗位招募,keep,6,True,新学期来临，为更好地引领学生成长、服务全院师生，电子信息学院学生工作办公室拟面向全院本科生招聘办公室学生助理，协助开展办公室日常事务管理工作。一、招聘岗位及人数学生工作办公室本科生学生助理，共8名。二、岗位职责1.办公室日常值班，做好来访接待、电话接听、信息登记等工作；2.协助学院老师整理材料、文件归档、数据录入、通知传达等日常行政事务；3.完成老师交办的其他办公室辅助性工作。三、招募对象及要求1.我校全日制本科生，...,0,1,https://eis.whu.edu.cn/info/1411/64861.htm
2026-09-15,academic_lecture,学术讲座,学术讲座公告--第二届全国电磁前沿交叉技术大会系列报告,keep,讲座预告包含未来时间、地点和报告主题，属于可参加事项,keep,8,True,专题：电磁超材料地点：武汉东湖宾馆会议中心一楼 潜江厅时间：9月20日上午10:30-12:00 专题会议主持：赵晨 报名1：多功能电磁超表面与天线设计应用电磁超表面作为一种二维形式的超材料，通常由亚波长电磁结构按照特定空间序构方式形成，具备灵活调控电磁波相位、频率、极化等响应特性的能力，为电磁波调控技术的发展提供了新路径。本报告将着重探讨多功能电磁超表面及其在天线设计中的应用，包括：无源超表面在透反射阵、折叠透反射阵天线方面的设计思路；...,0,0,https://eis.whu.edu.cn/info/2471/64811.htm
2026-09-15,student_notice,学工通知,关于开展电子信息学院2025-2026学年本科生素质综合测评工作的通知,keep,本科生综测，含材料提交和截止时间,keep,6,True,学生素质综合测评是对学生在校期间各方面表现的测定和评价。为进一步做好2025-2026学年本科生素质综合测评工作，现将有关事项通知如下：一、测评对象在本院注册并参加全日制学习活动的普通本科生。二、时间安排1．9月16日12:00-9月22日12:00，学生自评并提交相应佐证材料；2．9月22日前，各班级成立学生素质综合测评小组（以下简称“测评小组”），各年级成立学生素质综合测评复核小组（以下简称“复核小组”）；3．9月22日14:00-9月23日12:...,2,0,https://eis.whu.edu.cn/info/1411/64801.htm
2026-09-14,undergraduate_education,本科生教育,喜报！我院本科生首次获批国家自然科学基金青年学生基础研究项目（本科生）,filter,喜报和成果宣传，不是新的项目申报通知,filter,-7,True,近日，国家自然科学基金青年学生基础研究项目（本科生）评审结果公布，我院2023级通信工程专业本科生邓咏怡申报的“动态时变强噪声环境下阵列高保真声信号拾取理论与基础方法研究”项目获批立项，指导教师为陈景东教授和黄公平教授。这是电子信息学院本科生首次获批该项目。据悉，国家自然科学基金青年学生基础研究项目（本科生）于2023年启动试点，武汉大学为首批试点高校之一。项目将基础研究人才培养端口进一步前移，面向具有科研潜质的本科生，...,0,0,https://eis.whu.edu.cn/info/1371/64771.htm
2026-09-14,student_activity,学生活动, 一年级计划 | 慎思笃行担使命 创芯逐梦启新程——电子信息学院2026级本科生新生见面会暨院长第一课圆满举行,filter,活动已经举行，正文为新闻回顾而非新的报名或申请机会,filter,-10,True,晚风拂珞珈，金秋启新章。为助力2026级本科新生快速适应大学生活，深度感知电子信息学院的办学底蕴、学科特色与育人理念，明晰四年学业方向与成长目标，2026年9月9日晚，武汉大学电子信息学院于武汉大学人文馆报告厅隆重召开2026级本科生新生见面会暨院长第一课。院党委书记李德识、院长郑国兴、院党委副书记李海波、王蔡华，副院长江昊、胡钰琳、李仲阳、马跃，信息与通信工程系、电子科学与技术系、教学与实验中心、党政办公室、学科建设与发展办公室、...,0,0,https://eis.whu.edu.cn/info/1421/64781.htm
2026-09-14,academic_lecture,学术讲座,学术讲座公告---二维范德华半导体光物理的扭转和腔调控,keep,讲座预告包含未来时间、地点和报告主题，属于可参加事项,keep,5,True,报告时间：2026年9月15日（周二）早上9：00报告地点：电子信息学院东科技楼113报告题目：二维范德华半导体光物理的扭转和腔调控报告人：李秋洋 研究员邀请人：曾永全 教授报告主题简介：二维范德华半导体具有独特性质：原子级厚度、明确的激子态与强跃迁振子强度，为新兴多体物理、量子态以及光电磁应用提供了有趣平台。扭转与微纳腔为二维范德华材料的物态与性质提供了有效且独特的调控手段。在本报告中，我将汇报如何利用扭转与微纳腔来操控二维范德华磁性半导体中的激子和磁序的性质。...,0,0,https://eis.whu.edu.cn/info/2471/64751.htm
2026-09-11,student_notice,学工通知,共青团武汉大学电子信息学院委员会组织部增补工作人员拟聘用名单公示,review,结果公示没有新报名，但异议期可能与当事人相关,review,-4,True,根据《关于增补共青团武汉大学电子信息学院委员会组织部工作人员的通知》，经学生自荐、院团委资格审查、综合考核，现对拟聘用人选进行公示：负责人：朱征宇 刘孟垚 曾妙妍如对以上公示有异议，请于2026年9月14日前向院团委反映，反映问题要实事求是。联系人：周红智 郑逸铭电子邮箱：eisxgb@whu.edu.cn共青团武汉大学电子信息学院委员会2026年9月11日,0,0,https://eis.whu.edu.cn/info/1411/64711.htm
2026-09-11,youth_league,共青团工作,共青团武汉大学电子信息学院委员会组织部增补工作人员拟聘用名单公示,review,结果公示没有新报名，但异议期可能与当事人相关,review,-4,True,根据《关于增补共青团武汉大学电子信息学院委员会组织部工作人员的通知》，经学生自荐、院团委资格审查、综合考核，现对拟聘用人选进行公示：负责人：朱征宇 刘孟垚 曾妙妍如对以上公示有异议，请于2026年9月14日前向院团委反映，反映问题要实事求是。联系人：周红智 郑逸铭电子邮箱：eisxgb@whu.edu.cn共青团武汉大学电子信息学院委员会2026年9月11日,0,0,https://eis.whu.edu.cn/info/1441/64721.htm
2026-09-08,undergraduate_education,本科生教育,关于组织参加2026年全国大学生嵌入式芯片与系统设计竞赛FPGA创新设计赛道的通知,keep,面向本科生的竞赛报名,keep,8,True,关于组织参加2026年全国大学生嵌入式芯片与系统设计竞赛FPGA创新设计赛道的通知2026年全国大学生嵌入式芯片与系统设计竞赛芯片——FPGA创新设计赛道报名通知及选题指南已正式发布。FPGA创新设计赛道秉承嵌入式大赛宗旨，旨在提高学生在数字系统设计领域尤其是可编程逻辑器件应用领域的创新实践能力。我校2026年度将继续组织参赛，欢迎全校电子电气类相关专业（电子、电气、计算机、网安、集成电路、自动化、机器人等）全日制学生参加。...,0,2,https://eis.whu.edu.cn/info/1401/62231.htm
2026-09-07,general_notice,综合通知,关于以民主推荐方式选拔电子信息学院内设机构副主任的公告,filter,面向学院教职工的内部干部选拔，不面向本科生,filter,-4,True,全院各单位：经学院党委会研究，决定在全院范围内以民主推荐的方式选拔电子信息学院党政办公室副主任。现将具体事项公告如下：一、岗位电子信息学院党政办公室副主任1名。二、选拔范围在全院范围内产生。三、任职资格要求须符合《武汉大学二级单位内设机构正副职干部选拔任用工作办法》(武大党字〔2021〕103号) 所规定的选拔任用条件。四、工作程序（一）发布选任公告面向全院范围发布民主推荐公告，公布岗位、任职资格、具体要求和选任程序。...,0,1,https://eis.whu.edu.cn/info/1261/62221.htm
2026-09-04,student_activity,学生活动,一年级计划 | 电子信息学院开展2026级研究生新生入学教育,filter,活动已经举行，正文为新闻回顾而非新的报名或申请机会,filter,-10,True,9月2日至3日，电子信息学院2026级研究生新生入学教育集中课程学习在于刚宋晓楼举行。本次入学教育围绕理想信念、培养管理、保密与科研诚信、校纪校规、安全防范、心理健康、科研适应等关键环节，先后开展多场专题教育和主题班会，帮助2026级研究生新生尽快熟悉学校学院情况、明确学习要求、平稳开启研途。学院党委副书记王蔡华、学工办老师及全体2026级研究生新生参加。9月2日上午，学院教学管理办公室祁昶老师以“在这里，遇见成长”...,0,0,https://eis.whu.edu.cn/info/1421/62201.htm
2026-09-03,undergraduate_education,本科生教育,珞珈筑擂，群英逐梦——2026 全国大学生电子设计竞赛 TI 杯模拟电子系统设计专题赛在武大圆满落幕,filter,比赛已经结束，正文为活动报道,filter,-3,True,8月23日至27日，2026 全国大学生电子设计竞赛TI杯模拟电子系统设计专题赛在武汉大学成功举办。本次大赛群英荟萃，来自全国26个赛区千余所高校的六万余学子经过初赛层层遴选，最终158支队伍、474 名选手齐聚珞珈山下展开决赛角逐。决赛采用两天一夜全封闭赛制，参赛队伍硬核比拼专业理论功底与工程实践能力，共同呈现了一场高水平、规范化、富有育人温度的赛事盛会。全国大学生电子设计竞赛是国内电子信息类学科规模最大、含金量最高的本科生学科竞赛，...,0,0,https://eis.whu.edu.cn/info/1371/62151.htm
2026-09-03,student_activity,学生活动,一年级计划 | 以芯向新 电信新芯——武汉大学电子信息学院2026级研究生新生见面会,filter,活动已经举行，正文为新闻回顾而非新的报名或申请机会,filter,-10,True,金秋送爽，研途新启。为帮助2026级硕博研究生新生快速融入学院氛围、明晰科研成长方向、筑牢求学奋进根基，2026年9月2日14:30，电子信息学院2026级研究生新生见面会于刚·宋晓楼七楼智莱报告厅隆重举行。学院领导班子、各系（中心）负责人、研究生导师代表、各行政办公室负责人、研究生辅导员齐聚现场，与全体2026级硕博新生如约相聚，共赴研途新征程。本次大会由党委副书记王蔡华主持。大会伊始，全体师生齐声奏唱中华人民共和国国歌。...,0,0,https://eis.whu.edu.cn/info/1421/62171.htm
2026-09-03,youth_league,共青团工作,关于增补共青团武汉大学电子信息学院委员会组织部工作人员的通知,filter,正文明确招募对象为全日制在籍研究生,filter,3,True,各团支部：根据共青团中央、教育部《高校共青团改革实施方案》和学校党委《关于加强和改进新形势下共青团工作的实施意见》的相关要求，结合学院团委实际工作需要，现公开招募增补院团委组织部工作人员。具体通知如下：一、增补岗位院团委组织部工作人员若干名（含负责人1-2名）。二、增补条件1.武汉大学电子信息学院全日制在籍研究生，政治面貌为共青团员或中共党员（含预备党员）；2.政治素质过硬，具有坚定正确的政治方向和良好的政治素质，...,1,0,https://eis.whu.edu.cn/info/1441/61941.htm
2026-09-02,undergraduate_education,本科生教育,关于启动电子信息学院2027届推荐免试研究生工作的通知,keep,本科生推免申请与材料提交,keep,12,True,电子信息学院2027届全体本科生：为了保证推免工作按时顺利推进，根据推免工作的日程安排，现启动推免申请和材料收集工作。请有意申请的同学，根据《武汉大学电子信息学院推荐优秀应届本科毕业生免试攻读硕士学位研究生工作细则》（2026年4月修订）的要求准备材料（https://eis.whu.edu.cn/info/1921/21331.htm）。请将本人申请表及相关证明整理装袋后于2026年9月7日15:00-17:00交至于刚·宋晓楼B603会议室。一、学习成绩核对1、前三学年课,6,1,https://eis.whu.edu.cn/info/1361/61921.htm
2026-09-02,student_activity,学生活动,一年级计划 | 家校协同育人 共筑成长桥梁 ——学院举办2026级本科新生家长见面会,filter,活动已经举行，正文为新闻回顾而非新的报名或申请机会,filter,-10,True,8月31日下午，电子信息学院2026级本科新生家长见面会在于刚·宋晓楼七楼报告厅举行。学院党委书记李德识，院长郑国兴，党委副书记李海波，副院长万显荣，教学管理办公室和学生工作办公室相关老师、新生家长参加会议。见面会由学院党委副书记李海波主持。郑国兴院长首先代表学院致辞，从学院发展历程、学科专业布局、师资队伍建设，与企业、国外知名大学的合作等方面介绍了学院整体情况，帮助家长深入了解学院的办学底蕴与人才培养特色、...,0,0,https://eis.whu.edu.cn/info/1421/61811.htm
2026-09-02,student_notice,学工通知,电子信息学院关于2026-2027学年第一学期学生报到注册的通知,keep,全体学生必须完成的报到注册事务,keep,3,True,全体学生：根据学校有关规定和要求，为做好我院学生2026-2027学年第一学期报到注册工作，现将有关事项通知如下：1.学生于2026年9月6日（周日）携带校园卡和学生证前往指定地点报到注册，9月7日（周一）正式上课。本科生报到注册：地点：于刚宋晓楼A712报告厅时间：14:30-17:30研究生报到注册：地点：于刚宋晓楼B603会议室时间：14:30-17:302.学生报到注册前须按要求缴费，可通过登录校园统一支付平台（http://zfpt.whu.edu.cn/caslo,0,3,https://eis.whu.edu.cn/info/1411/61911.htm
2026-09-01,student_activity,学生活动,一年级计划 | “芯”潮澎湃，“电”亮新程——武汉大学电子信息学院2026年本科生迎新圆满落幕,filter,活动已经举行，正文为新闻回顾而非新的报名或申请机会,filter,-10,True,金秋时节，丹桂飘香，珞珈山再次迎来了朝气蓬勃的新主人。8月31日，武汉大学电子信息学院2026级本科新生怀揣着对大学生活的憧憬与期待，陆续踏入校园，正式开启在电子信息领域的逐梦新征程。为扎实做好2026年本科生迎新工作，电子信息学院党委高度重视、提前谋划，专门成立迎新工作专班，制定专项工作方案，明确职责分工，统筹推进各项准备工作。学院团委学生会精心筹备，从设计迎新大礼包、定制创意文创产品，到组织搬运行李、指引路线等志愿服务，...,0,0,https://eis.whu.edu.cn/info/1421/61801.htm
2026-08-31,student_activity,学生活动,一年级计划 | “育”见新程，携手同行——电子信息学院2026级本科生班主任聘任仪式暨协同育人工作交流会顺利举行,filter,活动已经举行，正文为新闻回顾而非新的报名或申请机会,filter,-10,True,为深入贯彻立德树人根本任务，扎实推进“一年级计划”，8月30日下午，我院2026级本科生班主任聘任仪式暨协同育人工作交流会在于刚·宋晓楼B606会议室举行。学院党委书记李德识、院长郑国兴、党委副书记李海波、副院长万显荣等院领导，2026级全体本科生班主任、助理班主任、教学办和学工办相关老师参加会议，会议由党委副书记李海波主持。院长郑国兴向受聘的班主任、助理班主任表示祝贺。他指出，班主任是落实立德树人根本任务、推进“...,0,0,https://eis.whu.edu.cn/info/1421/61791.htm
2026-08-28,undergraduate_education,本科生教育,从“芯”出发，硕果盈枝：我院学子在集创赛中斩获13项国家级奖项,filter,既有竞赛获奖宣传，无新报名动作,filter,-3,True,第十届全国大学生集成电路创新创业大赛（以下简称“集创赛”）全国总决赛在上海、无锡两地落幕。电子信息学院学子奋勇拼搏、再创佳绩，共斩获国家奖项13项，其中国家一等奖1项、国家二等奖7项、国家三等奖5项，为学校赢得荣誉，我校再度荣获“优秀组织奖”。 本届集创赛以“集十年匠心、创芯辰大海”为主题，吸引了全国8800余支团队参赛，覆盖575所高校，参赛学生总数超过25000人。赛事旨在培养学生在集成电路领域的创新思维与实践能力，...,0,0,https://eis.whu.edu.cn/info/1371/61721.htm
2026-08-28,student_activity,学生活动,访企拓岗|三线探产业，研学促成长——“校园大使走进吴江开发区”暑期研学活动顺利开展,filter,活动已经举行，正文为新闻回顾而非新的报名或申请机会,filter,-10,True,为深化产教融合协同育人机制，精准对接产业人才需求，助力学生明晰行业发展方向、提升职业素养，8月9日至15日，武汉大学电子信息学院率校园大使团队赴苏州市吴江经济技术开发区，参加第十一届“全国校园大使走进吴江开发区”主题活动。本次活动以“盛夏追光，‘青’舟启航”为主题，通过企业实地参访、产业深度研学、城市文化体验、成果交流汇报等多元形式，引导青年学子走出课堂、走进产业一线，全方位感受吴江开发区的创新活力与人文底蕴。...,0,0,https://eis.whu.edu.cn/info/1421/61781.htm
2026-08-28,academic_lecture,学术讲座,学术讲座公告---On-Chip Functional Meta-Devices Enabled by Nanophotonic Cavities,keep,讲座预告包含未来时间、地点和报告主题，属于可参加事项,keep,5,True,"报告时间：2026年9月2日（周三）早上10:30报告地点：武汉大学电子信息学院（于刚宋晓楼）B603会议室报告题目：On-Chip Functional Meta-Devices Enabled by Nanophotonic Cavities报告人：董兆冈 教授邀请人：梁国镇 教授报告主题简介：The multi-dimensional degrees of freedom of light, including spectral, polarization, phase",0,0,https://eis.whu.edu.cn/info/2471/61891.htm
2026-08-27,undergraduate_education,本科生教育,赋能前沿产业，2026年“瑞萨杯”信息科技前沿专题赛电信学子再创佳绩！,filter,既有竞赛获奖宣传，无新报名动作,filter,0,True,8月20日至22日，2026年全国大学生电子设计竞赛信息科技前沿专题赛（瑞萨杯）全国总决赛在吉林长春举行，来自全国各个高校的169支决赛队伍同台竞技，共评选出一等奖14项，二等奖27项，三等奖61项。武汉大学共组建三支代表队参赛，其中一支获赛区三等奖，另外两支凭借在赛区的优秀表现晋级全国总决赛并最终荣获全国一等奖、二等奖各一项。“瑞萨杯”信息科技前沿专题赛是全国大学生电子设计竞赛三大邀请制精英赛事之一，旨在培养大学生的创新精神和实践能力，...,0,0,https://eis.whu.edu.cn/info/1371/61711.htm
2026-08-26,academic_lecture,学术讲座,学术讲座公告---Advanced Methods in Regional Speech Enhancement and Far-to-Near-Field Transformation,keep,讲座预告包含未来时间、地点和报告主题，属于可参加事项,keep,5,True,报告题目：Advanced Methods in Regional Speech Enhancement and Far-to-Near-Field Transformation报告人: 于蒙 博士（腾讯混元大模型部门）邀请人: 黄公平 教授报告时间: 2026/8/27（周四）下午15:00报告地点: 武汉大学电子信息学院 于刚·宋晓楼 A603会议室 报告简介：Enhancing speech signals in complex acoustic environment,0,0,https://eis.whu.edu.cn/info/2471/61881.htm
2026-08-21,student_activity,学生活动,​第九届中国研究生创“芯”大赛落幕，我院研究生荣获佳绩,filter,活动已经举行，正文为新闻回顾而非新的报名或申请机会,filter,-10,True,8月13日至16日，由教育部学位管理与研究生教育司指导，中国学位与研究生教育学会主办的“华为杯”第九届中国研究生创“芯”大赛全国总决赛在深圳南方科技大学举行。武汉大学师生团结协作，奋力拼搏，经过答题、答辩与路演等环节的激烈角逐后，我院研究生队伍荣获全国三等奖，并兼获华为企业命题二等奖。 由学院郭南、王磊、杨琮昭三名研究生组成，张健教授担任指导老师的团队，针对20—40 GHz超宽带低噪声放大器匹配网络设计维度高、...,0,0,https://eis.whu.edu.cn/info/1421/61771.htm
2026-08-18,student_activity,学生活动,第二十一届中国研究生电子设计竞赛落幕，我院研究生荣获佳绩,filter,活动已经举行，正文为新闻回顾而非新的报名或申请机会,filter,-10,True,8月14日，第二十届中国研究生电子设计竞赛全国总决赛在浙江乌镇圆满落幕。我院 “天天快乐牛马熊队”获全国一等奖、“灵境行者““维镜智建”两支队伍获全国三等奖，马跃、李子乐老师获评“优秀指导教师”称号，充分展示了学院研究生在电子设计与科技创新方面的扎实功底与卓越能力。“天天快乐牛马熊队” 由我院研究生张必一、于文博、张浩楠组成，指导教师为马跃教授、李子乐研究员。面向极弱回波探测与复杂目标感知需求，团队融合单光子探测与偏振调控超表面技术，...,0,0,https://eis.whu.edu.cn/info/1421/61761.htm
2026-08-13,student_activity,学生活动,“芯”系蓉城，科创报国 | 科技自立自强视域下成都电子信息产业自主创新路径调研——武汉大学电子信息学院实践队赴成都开展暑期调研,filter,活动已经举行，正文为新闻回顾而非新的报名或申请机会,filter,-10,True,为引导学生在科技创新一线深化认知、锤炼本领，在武汉大学2026年“青年实干家计划”和“科技自立自强”专项支持下，武汉大学电子信息学院组织“‘芯’系蓉城，科创报国——电子信息学院赴成都电子信息产业调研实践队”，于7月20日至24日赴四川成都开展暑期调研。团队由11名学生和2名带队教师组成，围绕“科技自立自强视域下成都电子信息产业自主创新路径调研”主题，先后走进中电九天、中国电科十所、中国科学院光电所、成都华微电子、...,0,0,https://eis.whu.edu.cn/info/1421/64631.htm
2026-08-11,student_activity,学生活动,寻迹红色电波，淬炼初心使命——武汉大学电子信息学院“红色电波”实践队赴江西开展研学实践,filter,活动已经举行，正文为新闻回顾而非新的报名或申请机会,filter,-10,True,为深入学习领会习近平党建思想，推动党史学习教育与专业育人深度融合，在中国共产党成立105周年、红军长征胜利90周年、人民军队无线电通信事业诞生95周年的重要节点，武汉大学电子信息学院“红色电波”研学实践队于7月20日至24日沿着总书记的足迹，赴江西吉安、宁都、于都、南昌等地，开展为期五天的沉浸式知行研学。实践队以“寻根・解码・铸魂”为主线，立足电子信息学科特色，溯源红色通信发展脉络、走访信息产业一线，在历史与现实的跨时空对话中涵养专业精神、...,0,0,https://eis.whu.edu.cn/info/1421/61751.htm
2026-08-06,undergraduate_education,本科生教育,克难笃行，“AI”之路再奋进 —— 我院学子征战2026英特尔杯AI专题赛再获多项国奖,filter,既有竞赛获奖宣传，无新报名动作,filter,-3,True,2026年英特尔杯全国大学生电子设计竞赛AI专题邀请赛全国总决赛于7月23日在上海交通大学圆满收官。本届赛事由原嵌入式系统专题邀请赛更名升级，聚焦人工智能产业落地应用赛道，竞赛技术门槛、参赛高校覆盖面均实现全面提升，来自海内外120余所高校的230余支精英队伍同台竞技，赛事含金量与竞争强度同步走高。我院共派出4支队伍参赛，整体表现稳定，其中3支队伍斩获国家级奖项，收获全国二等奖1项、全国三等奖2项，另有1支队伍获评成功参赛奖。...,0,0,https://eis.whu.edu.cn/info/1371/61701.htm
2026-08-03,student_notice,学工通知,【志愿服务】2026年全国大学生电子设计竞赛模拟电子系统设计专题赛志愿者招募通知,keep,面向学生的志愿者招募,keep,7,True,2026年全国大学生电子设计竞赛模拟电子系统设计专题赛将于8月底在武汉大学举行。本次比赛由全国大学生电子设计竞赛组委会主办，武汉大学、东南大学承办。现面向全体在校学生公开招募志愿者，在这里，你将获得：国家级赛事履历：深度参与全国性赛事筹备运行，近距离接触科创赛事一线，丰富实践经历；双重时长认证：根据实际工作时长可获得相应劳动教育时长（专项实践锻炼版块）及志愿服务时长（实际工作时长=劳动教育时长+志愿服务时长）...,0,1,https://eis.whu.edu.cn/info/1411/61831.htm
2026-07-20,student_notice,学工通知,关于选聘电子信息学院2026级本科新生助理班主任的通知,keep,学生可申请的助理班主任岗位,keep,3,True,为落实“以学生为本”的教育理念，切实加强我院2026级本科新生思想政治引领和日常教育管理工作，引导新生尽快适应大学生活、明确发展方向、树立远大理想，更好地在大学实现全面发展，学院决定选聘品学兼优，“有热心、勇担当、甘奉献”的学生担任2026级本科新生助理班主任。现将有关事项通知如下：一、选聘范围具有武汉大学电子信息学院学习经历的优秀在读本科生、研究生和将于2026年秋季学期入学的研究生。二、选聘人数预计15-30名，...,1,0,https://eis.whu.edu.cn/info/1411/61841.htm
2026-07-17,study_abroad_notice,留学通知,关于申报2026年下半年本科生全球胜任力培养资助计划的通知,keep,本科生国际交流资助申请,keep,8,True,,4,0,https://oir.whu.edu.cn/info/1121/45601.htm
2026-07-17,study_abroad_notice,留学通知,关于开展2026年研究生出国（境）交流学习资助工作的通知,filter,明确仅面向研究生,filter,7,True,,0,0,https://gs.whu.edu.cn/system/resource/visitcode/visitcode.jsp?backUrl=aHR0cDovL2dzLndodS5lZHUuY24vY29udGVudC5qc3A/dXJsdHlwZT1uZXdzLk5ld3NDb250ZW50VXJsJndidHJlZWlkPTEwNjMmd2JuZXdzaWQ9MTA4MjEx
2026-07-16,academic_lecture,学术讲座,学术讲座公告---大语言模型时代下的部分伪造音频,keep,讲座预告包含未来时间、地点和报告主题，属于可参加事项,keep,5,True,报告时间：2026年7月17日（周五）上午10：30报告地点：武汉大学电子信息学院于刚·宋晓楼B603会议室报告题目：大语言模型时代下的部分伪造音频报告人：张琳 博士（Johns Hopkins University）邀请人：黄公平 教...,0,0,https://eis.whu.edu.cn/info/2471/54081.htm
2026-07-14,academic_lecture,学术讲座,​学术讲座公告---高效听觉分离与增强,keep,讲座预告包含未来时间、地点和报告主题，属于可参加事项,keep,5,True,报告时间：2026年7月15日（周三）上午10：00报告地点：武汉大学电子信息学院于刚·宋晓楼B603会议室报告题目：高效听觉分离与增强报告人：李凯 博士（清华大学）邀请人：黄公平 教授 报告摘要：围绕“高效听觉分...,0,0,https://eis.whu.edu.cn/info/2471/54071.htm
2026-07-14,academic_lecture,学术讲座,​学术讲座公告---从语音理解与生成，迈向语音交互,keep,讲座预告包含未来时间、地点和报告主题，属于可参加事项,keep,5,True,报告时间：2026年7月17日（周五）上午10：00报告地点：武汉大学电子信息学院于刚·宋晓楼B603会议室报告题目：从语音理解与生成，迈向语音交互报 告 人：陈谐 副教授（上海交通大学计算机学院）邀请人：黄公平 教授报...,0,0,https://eis.whu.edu.cn/info/2471/54061.htm
2026-07-08,student_notice,学工通知,电子信息学院关于2026年学生放暑假及相关事项的通知,keep,重要本科生假期与离校事务,keep,3,True,全院学生： 根据校历安排和学校《关于2026年放暑假及做好暑期相关工作的通知》的要求，现将2026年学生放暑假及相关事项通知如下： 一、时间安排 根据校历，2026年7月5日至7月18日为2025-2026学年第三学期，2026年7月...,0,0,https://eis.whu.edu.cn/info/1411/8401.htm
2026-07-07,student_activity,学生活动,共青团武汉大学电子信息学院第二十次代表大会顺利召开,filter,活动已经举行，正文为新闻回顾而非新的报名或申请机会,filter,-10,True,2026年7月6日，共青团武汉大学电子信息学院第二十次代表大会于于刚·宋晓楼A712报告厅顺利召开。校团委副书记迟宗宝、院党委书记李德识、院党委副书记李海波、院党委副书记王蔡华，教学管理办公室主任隋竹翠、学生工作...,0,0,https://eis.whu.edu.cn/info/1421/14081.htm
2026-07-06,academic_lecture,学术讲座,学术讲座公告---光子晶体面发射激光（PCSEL）技术,keep,讲座预告包含未来时间、地点和报告主题，属于可参加事项,keep,5,True,报告时间：2026年7月8日（周三）早上9:30报告地点：武汉大学电子信息学院（于刚宋晓楼）B603会议室报告题目：光子晶体面发射激光(PCSEL)技术报告人： 佟存柱 教授邀请人：曾永全 教授报告主题简介：光子...,0,0,https://eis.whu.edu.cn/info/2471/54051.htm
2026-07-03,student_activity,学生活动,珞珈职航 | 探访西部芯谷科创高地，洞察电子信息数智未来 —— 武汉大学电子信息学院师生赴成都开展暑期实践活动,filter,活动已经举行，正文为新闻回顾而非新的报名或申请机会,filter,-10,True,为帮助同学们深入了解电子信息产业前沿发展，明晰专业学习与职业发展的衔接路径，搭建校企、校所协同育人桥梁，在武汉大学学生就业指导与服务中心“珞珈职航”项目支持下，7月20日至24日，武汉大学电子信息学院党委副书记王蔡华、研究生辅导员谢林君带领实践队前往四川成都，开展“探访西部芯谷科创高地，洞察电子信息数智未来”暑期就业实习实践活动。成都因“芯”而强、因“屏”而兴，已形成集成电路、新型显示、软件信息、智能终端等多元协同的电子信息产业生态。...,0,0,https://eis.whu.edu.cn/info/1421/61741.htm
2026-07-03,academic_lecture,学术讲座,学术讲座公告---面向低轨卫星定位的厘米级发射标签设计与实现,keep,讲座预告包含未来时间、地点和报告主题，属于可参加事项,keep,5,True,报告时间：2026年7月6日 上午10:00报告地点：武汉大学电子信息学院（于刚·宋晓楼）B606会议室报告人：王云帆 密歇根集成电路实验室 博士后研究员邀请人：张健 教授 报告摘要：面向低轨卫星...,0,0,https://eis.whu.edu.cn/info/2471/54041.htm
2026-06-30,student_notice,学工通知,关于选聘电子信息学院2026级本科新生班主任的通知,filter,正文选聘范围仅为学院教师,filter,3,True,为深入贯彻党的二十大及二十届历次全会精神、习近平总书记关于教育和高校思想政治工作的重要论述，全面落实《教育强国建设规划纲要》及教育部高校思想政治工作相关文件要求，立足立德树人根本任务，深化“三全育人”...,1,0,https://eis.whu.edu.cn/info/1411/8391.htm
2026-06-30,student_notice,学工通知,关于组织参加“校园大使走进吴江开发区”产教融合研学活动的通知,keep,学生可报名参加的研学活动,keep,3,True,为深化产教融合协同育人，帮助同学们直观了解产业发展趋势与岗位能力需求，拓宽就业视野与成长路径，我院拟组织学生参与“校园大使走进吴江开发区”暑期研学活动。活动以沉浸式、实景化体验为核心，落地“三个一”成...,0,1,https://eis.whu.edu.cn/info/1411/8381.htm
2026-06-17,general_notice,综合通知,关于召开全院教职工大会的通知,filter,全院教职工会议，与本科生无直接行动关系,filter,-10,True,全院教职工：学院定于2026年6月24日（周三）下午2:30在于刚·宋晓楼A712智莱报告厅召开全院教职工大会，会议主要内容如下：1. 布置学院近期重要工作；2. 试用期满干部考核；请于6月24日（周三）下午2:15开始签到入场，...,0,0,https://eis.whu.edu.cn/info/1261/35981.htm
2026-06-17,academic_lecture,学术讲座,学术讲座公告---“博学”讲座系列 第二期,keep,讲座预告包含未来时间、地点和报告主题，属于可参加事项,keep,5,True,报告题目（一）：激光雷达探测研究大气金属层报告时间：2026年6月18日15:00-16:15报告地点：武汉大学电子信息学院（于刚宋晓楼）B606会议室报告人：杨国韬 研究员邀请人：魏儒义 教授 报告摘要：中层顶区域（大...,0,0,https://eis.whu.edu.cn/info/2471/54031.htm
2026-06-16,student_activity,学生活动,电子信息学院2026届毕业生“我心中的好导师”,filter,活动已经举行，正文为新闻回顾而非新的报名或申请机会,filter,-10,True,,0,0,https://eis.whu.edu.cn/info/1421/14071.htm
2026-06-16,student_activity,学生活动,电子信息学院2026届“电信骄子”,filter,活动已经举行，正文为新闻回顾而非新的报名或申请机会,filter,-10,True,,0,0,https://eis.whu.edu.cn/info/1421/14061.htm
2026-06-16,student_notice,学工通知,电子信息学院关于2026年学生端午节放假安排的通知,keep,重要本科生教学与假期安排,keep,3,True,全院学生： 根据学校《关于2026年端午节期间教学安排调整的通知》，现将2026年端午节期间放假安排及相关通知如下： 一、时间安排 2026年端午节6月19日（周五）至21日（周日）放假，共3天。现将2026年端午节期间教学安...,0,0,https://eis.whu.edu.cn/info/1411/8371.htm
2026-06-15,student_activity,学生活动,逐梦新征程 韶华再出发｜电子信息学院2026届毕业生共上最后一堂课,filter,活动已经举行，正文为新闻回顾而非新的报名或申请机会,filter,-10,True,6月15日上午10时，我院2026届毕业生最后一堂课活动在7楼报告厅举办。学院党委书记李德识、院长郑国兴、院党委副书记李海波、副院长万显荣、副院长江昊、副院长马跃、优秀院友王运盛、学生工作办公室相关老师以及2026...,0,0,https://eis.whu.edu.cn/info/1421/14051.htm
2026-06-15,student_notice,学工通知,关于召开共青团武汉大学电子信息学院第二十次代表大会的通知,keep,各团支部需选举学生代表并提交材料，存在明确行动,keep,0,True,各团支部：经共青团武汉大学电子信息学院第十九届委员会第九次全体会议研究决定，并报院党委和校团委批准，共青团武汉大学电子信息学院第二十次代表大会拟于2026年7月上旬召开。现将有关事项通知如下：一、大会指导思想共青团武汉大学电子信息学院第二十次代表大会的指导思想是：高举中国特色社会主义伟大旗帜，以马克思列宁主义、毛泽东思想、邓小平理论、“三个代表”重要思想、科学发展观、习近平新时代中国特色社会主义思想为指导，...,0,0,https://eis.whu.edu.cn/info/1411/8431.htm
2026-06-10,student_activity,学生活动,“华为杯”武汉大学第二十届研究生电子设计大赛选拔赛顺利举行,filter,活动已经举行，正文为新闻回顾而非新的报名或申请机会,filter,-10,True,2026年5月29日，由武汉大学党委研究生工作部主办、物理科学与技术学院和电子信息学院承办的“华为杯”武汉大学第二十届研究生电子设计大赛技术赛选拔赛在物理科学与技术学院新楼顺利举行。比赛当天，各小组在物理学院...,0,0,https://eis.whu.edu.cn/info/1421/14041.htm
2026-06-05,student_activity,学生活动,启封时光，逐梦远航 ——我院举办2026届本科毕业生时光胶囊拆封暨师生座谈会,filter,活动已经举行，正文为新闻回顾而非新的报名或申请机会,filter,-10,True,四年韶光落幕，学子奔赴新程。我院“启封时光，逐梦远航”2026届本科毕业生时光胶囊拆封暨师生座谈会于6月3日下午在B606会议室顺利举行。学院党委书记李德识、院长郑国兴、党委副书记李海波、副院长万显荣、班主任代...,0,0,https://eis.whu.edu.cn/info/1421/14031.htm
2026-06-04,student_activity,学生活动,2025级本科生心理健康主题教育顺利开展,filter,活动已经举行，正文为新闻回顾而非新的报名或申请机会,filter,-10,True,2026年5月，武汉大学电子信息学院分层推进心理健康教育工作，先后组织开展心理健康主题班长团支书联席会、2025级本科生各班级班会，构建“骨干先行、全员覆盖”的心理育人格局， 心理健康主题班会“我好喜欢我自己”...,0,0,https://eis.whu.edu.cn/info/1421/14021.htm
2026-06-01,research_notice,科研通知,【国家自然科学基金】关于转发非集中期国家自然科学基金项目申报指南的通知（滚动更新）,filter,国家自然科学基金教师科研项目申报，非本科生机会,filter,3,True,,0,0,https://kfy.whu.edu.cn/system/resource/visitcode/visitcode.jsp?backUrl=aHR0cDovL2tmeS53aHUuZWR1LmNuL3h3eHF5LmpzcD91cmx0eXBlPW5ld3MuTmV3c0NvbnRlbnRVcmwmd2J0cmVlaWQ9MTAyNiZ3Ym5ld3NpZD0yMzMxMQ==
2026-06-01,student_notice,学工通知,武汉大学电子信息学院第二十六届学生会部门负责人招聘通知,keep,面向学生的学生组织岗位招聘,keep,3,True,全院各团支部： 为了深入贯彻团中央、教育部、全国学联《学联学生会组织改革方案》《关于推动高校学生会（研究生会）深化改革的若干意见》，支持和引导学生会更好地服务青年学生成长成才，决定面向全院全体本科生公开...,2,0,https://eis.whu.edu.cn/info/1411/8361.htm
2026-05-29,student_activity,学生活动,电信学院组织开展红十字救护员劳动教育实践培训,filter,活动已经举行，正文为新闻回顾而非新的报名或申请机会,filter,-10,True,为进一步提升校园安全保障能力，增强学生在突发情况下的自救互救意识和应急处置能力，推动形成“人人学急救、急救为人人”的校园安全文化，2026年5月23日，电子信息学院联合地球与空间科学技术学院、校医院、武昌区红...,0,0,https://eis.whu.edu.cn/info/1421/14011.htm
2026-05-29,student_activity,学生活动,以体育人，以赛同行——电子信息学院“信火杯”体育友谊赛圆满落幕！,filter,活动已经举行，正文为新闻回顾而非新的报名或申请机会,filter,-10,True,为深入推进五育并举，丰富校园体育文化建设，拓宽校际交流平台，武汉大学电子信息学院与华中科技大学电子信息与通信学院联合举办“信火杯”体育友谊赛。赛事覆盖排球、乒乓球、羽毛球、足球、篮球五大竞技项目，以多...,0,0,https://eis.whu.edu.cn/info/1421/14001.htm
2026-05-29,student_notice,学工通知,关于评选电子信息学院2026届毕业生“我心中的好导师”的通知,keep,学生可参与推荐和评选,keep,6,True,全院同学： 为深入落实立德树人根本任务，加强师德师风建设，选树师德优良、潜心育人的优秀教师典型，营造尊师重教的良好风尚，进一步激发全院教师教书育人的热情与担当，学院决定开展2026届毕业生“我心中的好导师”...,0,0,https://eis.whu.edu.cn/info/1411/8351.htm
2026-05-29,student_notice,学工通知,关于评选电子信息学院2026届“电信骄子”的通知,keep,学生荣誉评选，存在申请/推荐动作,keep,9,True,院全体同学： 为树立我院毕业生先进典型，充分发挥优秀学生的榜样示范作用，引导学生全面发展、积极进取、奋发有为，学院决定在2026届优秀毕业生中评选2026届“电信骄子”。现将具体事宜通知如下： 一、推荐时间 202...,1,0,https://eis.whu.edu.cn/info/1411/8341.htm
2026-05-26,student_activity,学生活动,探访前沿产业一线，勇担青年时代重任——23级卓工班赴杭州开展实地研学活动,filter,活动已经举行，正文为新闻回顾而非新的报名或申请机会,filter,-10,True,为深入学习贯彻习近平总书记五四重要回信精神，引导青年学子走出校园、走进产业前沿，在实践中感悟时代使命、锤炼过硬本领，5月21日至5月23日，武汉大学电子信息学院23级卓越工程师班的同学们由班主任邹炼老师和辅导...,0,0,https://eis.whu.edu.cn/info/1421/13991.htm
2026-05-25,student_activity,学生活动,喜报！我院胡英泽同学荣获“十大珞珈风云学子”称号,filter,活动已经举行，正文为新闻回顾而非新的报名或申请机会,filter,-10,True,珞珈山下，青春激扬；榜样领航，聚力成长。2026年5月23日下午，武汉大学2025年度“十大珞珈风云学子”终选暨颁奖典礼顺利举行。经过前期推荐、评审与现场展示等环节，，我院2022级本科生胡英泽凭借扎实的专业能力、突...,0,0,https://eis.whu.edu.cn/info/1421/13981.htm
2026-05-24,student_activity,学生活动,学术导师面对面||电子信息学院本科生学术导师双选会顺利举行,filter,活动已经举行，正文为新闻回顾而非新的报名或申请机会,filter,-10,True,为进一步提高人才培养质量，充分发挥教师育人主导作用，夯实本科生科研基础、提升综合学术能力，武汉大学电子信息学院于5月21日下午，在于刚·宋晓楼A712报告厅开展“学术导师面对面”交流活动，面向2024级、2025级本...,0,0,https://eis.whu.edu.cn/info/1421/13971.htm
2026-05-24,student_activity,学生活动,喜报‖全校第一！我院获评体育总成绩优秀单位、阳光体育运动先进集体,filter,活动已经举行，正文为新闻回顾而非新的报名或申请机会,filter,-10,True,5月14日，武汉大学2025-2026年度体坛盛典在卓尔体育馆隆重举行。电子信息学院一举斩获“体育运动总成绩优秀单位”（全校第一）和“阳光体育运动先进集体”两项重磅荣誉，充分体现了学院体育工作的扎实成效，生动诠释...,0,0,https://eis.whu.edu.cn/info/1421/13951.htm
2026-05-24,student_activity,学生活动,​  校友助力暖人心，精准指导促就业  ——我院联合上海校友会成功举办“一小时企业导师计划”活动,filter,活动已经举行，正文为新闻回顾而非新的报名或申请机会,filter,-10,True,为充分发挥校友资源优势，凝聚校友力量助力学子求职成长，5月21日晚，学院联合上海校友会成功举办“一小时企业导师计划”线上就业指导活动。本次活动汇聚上海校友会21位优秀校友导师，为学院30余名学子提供精准就业指...,0,0,https://eis.whu.edu.cn/info/1421/13961.htm
2026-05-19,general_notice,综合通知,武汉大学 “卓越芯火计划”（第十七期）报名通知,keep,正文明确面向即将升入大四的学生招生，存在报名动作和截止安排,keep,3,True,为缓解电子企业当前用人供需矛盾，根据教育部《关于实施卓越工程师教育培养计划的若干意见》及武汉大学《武汉大学非学历教育管理工作实施细则》相关文件要求，武汉大学电子信息学院（以下简称 “电信学院”）举办的第...,1,0,https://eis.whu.edu.cn/info/1261/1631.htm
2026-05-19,student_activity,学生活动,光影流转，舞随心动——电信学子在体育艺术舞蹈大赛斩获团体第一名,filter,活动已经举行，正文为新闻回顾而非新的报名或申请机会,filter,-10,True,电子音效的律动中，追光交错的舞台上，图标流转的屏幕前，目光齐聚暗场，静候这场体育与艺术碰撞的视觉盛宴。节奏铿锵的鼓点中，光影交错的舞台上，万众瞩目的聚光下，舞者们挥洒汗水，为观众带来一场视觉盛宴。在一...,0,0,https://eis.whu.edu.cn/info/1421/13931.htm
2026-05-19,student_activity,学生活动,“引航计划”职业规划经验交流会顺利举办,filter,活动已经举行，正文为新闻回顾而非新的报名或申请机会,filter,-10,True,2026年5月14日晚上6：30，电子信息学院“引航计划”职业规划经验交流会在信息学部一教123教室顺利召开。学院6位22级的学长学姐结合自身经历，面向考研、就业、考公三个方向，为学弟学妹们带来了真诚而深入的经验交流...,0,0,https://eis.whu.edu.cn/info/1421/13941.htm
2026-05-19,student_notice,学工通知,关于开展2024级、2025级本科生“学术导师面对面”活动的通知,keep,面向本科生的学术导师活动,keep,3,True,为进一步提高人才培养质量，充分发挥教师在学生培养中的主导作用，有效提升本科生的科研能力与学术水平，学院计划于召开“学术导师面对面”活动，具体活动安排如下：面向对象：2024级、2025级全体本科生时间：5月21日（本周四）16:30地点：于刚·宋晓楼A712报告厅“面对面”活动结束后，5月22日至5月25日，学生与学术导师进行双选，打印填写《附件2：电子信息学院学术导师双向选择表》，经学术导师签字确认后，将附件2拍照上传至在线问卷（...,2,1,https://eis.whu.edu.cn/info/1411/8421.htm
2026-05-14,general_notice,综合通知,关于实施《电子信息学院研究生党支部指导老师工作条例》的通知,filter,研究生党建内部制度，不属于本科生机会或事务,filter,0,True,全院各单位：电子信息学院党委会于2026年5月12日通过了《电子信息学院研究生党支部指导老师工作条例》（电信党字〔2026〕8号）（以下简称《条例》），《条例》自发布之日起开始实施。特此通知 附件：《电子信息...,1,0,https://eis.whu.edu.cn/info/1261/1621.htm
2026-05-14,general_notice,综合通知,关于公布电子信息学院首批“样板党支部”  培育创建单位名单的通知,filter,仅公布既有评选结果，无新的申请动作,filter,3,True,全院各单位：根据《关于开展武汉大学电子信息学院首批院级“样板党支部”培育创建工作的通知》（电信党字〔2026〕5号）安排，在各支部申报、资格审查、组织评审的基础上，经学院党委会研究，决定培育创建学院首批2个...,0,0,https://eis.whu.edu.cn/info/1261/1611.htm
2026-05-13,youth_league,共青团工作,关于公布武汉大学学生会第十七期“未来学院”电子信息学院分校结业学员及优秀学员名单的通知,filter,培训已经结束，仅公布结业及优秀名单,filter,1,True,全院本科生：在学院团委的悉心指导下，2025年11月-2026年5月，武汉大学电子信息学院团委学生会各部门、各团支部集中开办武汉大学学生会第十七期“未来学院”电子信息学院分校。目前，武汉大学学生会第十七期“未来学院”电子信息学院分校已圆满完成各项培训任务，兹有丁雨垚等160名同学顺利完成所学课程，考核成绩合格，予以结业。为表彰先进典型，凝聚奋进力量，经相关部门考核推荐、学院团委审核，决定授予丁雨垚等49名同学武汉大学第十七期“...,0,0,https://eis.whu.edu.cn/system/resource/visitcode/visitcode.jsp?backUrl=aHR0cDovL2Vpcy53aHUuZWR1LmNuL2NvbnRlbnQuanNwP3VybHR5cGU9bmV3cy5OZXdzQ29udGVudFVybCZ3YnRyZWVpZD0xNDQxJndibmV3c2lkPTY0ODIx
2026-05-12,student_activity,学生活动,武大电信学子勇夺2026年IEEE信号处理杯冠军,filter,活动已经举行，正文为新闻回顾而非新的报名或申请机会,filter,-10,True,在刚刚落幕的第51届IEEE声学、语音与信号处理国际会议（ICASSP 2026）上传来喜讯：由我院黄公平教授指导，2023级4名本科生汤志翔、田衍欣、刘耕佑、邓咏怡和研究生朱瑜杰（学生导师）组成的“SuperZooooom”团队，在...,0,0,https://eis.whu.edu.cn/info/1421/13921.htm
2026-05-11,student_activity,学生活动,电子信息学院第二十六次学生代表大会顺利召开,filter,活动已经举行，正文为新闻回顾而非新的报名或申请机会,filter,-10,True,2026年5月9日，武汉大学电子信息学院第二十六次学生代表大会在于刚·宋晓楼智莱报告厅顺利召开。本次大会回顾并总结了学院第二十五届学生会的工作，听取了学生代表提案等相关报告，选举产生了新一届学生会主席团成员。...,0,0,https://eis.whu.edu.cn/info/1421/13911.htm
2026-04-30,student_activity,学生活动,学院团委荣获2026年武汉大学“五四红旗团委工作进步奖”“共青团工作先进单位”,filter,活动已经举行，正文为新闻回顾而非新的报名或申请机会,filter,-10,True,"4月28日上午，武汉大学2026年“青春接力担使命”五四主题活动暨共青团表彰大会顺利举行。我院团委凭借扎实的基层建设、鲜明的学科特色、精准的青年服务与丰硕的育人成果，荣获2026年武汉大学""五四红旗团委工作进步奖...",0,0,https://eis.whu.edu.cn/info/1421/13891.htm
2026-04-30,student_activity,学生活动,学院召开2025年度育人工作总结表彰大会,filter,活动已经举行，正文为新闻回顾而非新的报名或申请机会,filter,-10,True,赓续初心育桃李，奋楫扬帆谱新篇。4月29日下午18：30，电子信息学院2025年度育人工作总结表彰大会在于刚 · 宋晓楼智莱报告厅顺利举行。武汉大学党委常委、副校长朱德友，党委学生工作部部长黄鑫，党委研究生工作部部...,0,0,https://eis.whu.edu.cn/info/1421/13901.htm
2026-04-28,general_notice,综合通知,关于召开学院2025年度育人工作总结表彰活动的通知,filter,正文邀请对象为全院教职工，且活动为总结表彰,filter,-5,True,全院教职工：为全面总结学院立德树人与协同育人工作成效，凝练优秀经验，表彰育人先进典型，充分发挥榜样示范引领作用，学院定于2026年4月29日（周三）晚18:30，在于刚·宋晓楼A712智莱报告厅召开学院2025年度育人工作...,0,0,https://eis.whu.edu.cn/info/1261/1601.htm
2026-04-28,student_activity,学生活动,党建引领聚合力，联学共建促成长——我院与华科大电信学院开展联合主题党日活动,filter,活动已经举行，正文为新闻回顾而非新的报名或申请机会,filter,-10,True,4月25日下午，武汉大学电子信息学院本科生第二党支部、本科生第四党支部与华中科技大学电子信息与通信学院本科生2024级党支部联合开展主题党日活动，两校青年党员齐聚一堂，以学铸魂、以学增智、以学正风、以学促干。...,0,0,https://eis.whu.edu.cn/info/1421/13881.htm
2026-04-27,student_notice,学工通知,关于做好2026年上半年发展团员工作的通知,keep,本科生可按条件申请入团，含流程与材料,keep,3,True,学院各团支部： 为规范发展团员工作，保证新发展团员质量，保持和增强团员队伍先进性，根据《中国共产主义青年团章程》《中国共产主义青年团发展团员工作细则》（中青发〔2023〕13号）《关于新时代新征程加强和改进团...,5,0,https://eis.whu.edu.cn/info/1411/8331.htm
2026-04-27,youth_league,共青团工作,关于做好2026年上半年发展团员工作的通知,keep,本科生可按条件申请入团，含流程与材料,keep,3,True,学院各团支部：为规范发展团员工作，保证新发展团员质量，保持和增强团员队伍先进性，根据《中国共产主义青年团章程》《中国共产主义青年团发展团员工作细则》（中青发〔2023〕13号）《关于新时代新征程加强和改进团...,4,0,https://eis.whu.edu.cn/info/1441/11791.htm
2026-04-22,general_notice,综合通知,关于聘任万显荣等同志为研究生党支部党委联系人、党建导师的决定,filter,内部任命决定，无学生可执行事项,filter,0,True,全院各单位：为深入贯彻新时代党的建设总要求和党的教育方针，全面落实立德树人根本任务，健全研究生党支部建设保障体系，提升研究生党建与思想政治教育工作质效，经学院党委研究决定，聘任以下同志担任研究生党支部...,1,0,https://eis.whu.edu.cn/info/1261/1591.htm
2026-04-20,student_notice,学工通知,电子信息学院关于2026年学生劳动节放假安排的通知,keep,重要本科生教学与假期安排,keep,6,True,全院学生：根据学校《关于2026年劳动节期间教学安排调整的通知》，现将劳动节期间放假安排通知如下：一、时间安排2026年5月1日（周五）至5日（周二）劳动节放假调休，所有课程停上，共5天；5月9日，按5月5日（第10周周二）课表执行。二、严格执行请销假制度本科生离校必须在“智慧珞珈-离校申请”处提交离校申请，研究生离校必须在导师处请假。所有学生需按时返校并履行销假手续。本科生各班级于2026年5月5日晚18:00前清点返校人数，...,0,0,https://eis.whu.edu.cn/info/1411/8411.htm
2026-04-17,student_activity,学生活动,火炬杯再续荣光！电信男排勇夺冠军，女排斩获第七，双队齐创佳绩,filter,活动已经举行，正文为新闻回顾而非新的报名或申请机会,filter,-10,True,4月16日，武汉大学2026年“火炬杯”排球赛事圆满收官，电子信息学院男女排捷报频传。男排连续九年闯入决赛，夺得八个冠军，女排荣获第七名，展现电信学子昂扬向上的体育风采和永不言弃的竞技精神！男排决赛对阵生命科...,0,0,https://eis.whu.edu.cn/info/1421/13871.htm
2026-04-17,student_activity,学生活动,武汉大学电子信息类2026届毕业生暨2027届实习生春季专场招聘会成功举办,filter,活动已经举行，正文为新闻回顾而非新的报名或申请机会,filter,-10,True,为全面落实党中央、国务院对高校毕业生就业创业工作的决策部署，促进我院毕业生更高质量更充分就业，精准搭建校企人才供需对接平台，2026年4月16日下午，武汉大学电子信息类2026届毕业生暨2027届实习生春季专场招聘会...,0,0,https://eis.whu.edu.cn/info/1421/13861.htm
2026-04-17,student_notice,学工通知,关于召开武汉大学电子信息学院第二十六次学生代表大会的预通知,keep,本科班级需选举代表并参与提案，存在明确行动,keep,0,True,学院全体本科生： 武汉大学电子信息学院第二十五届学生会在学院党委的正确领导下，在学院团委的悉心指导下，以马克思列宁主义、毛泽东思想、邓小平理论、“三个代表”重要思想、科学发展观、习近平新时代中国特色社会...,6,0,https://eis.whu.edu.cn/info/1411/8321.htm
2026-04-17,youth_league,共青团工作,电子信息学院团委2025年度团内评优拟推荐名单的公示,review,结果公示没有新申请，但异议期对相关学生重要,review,9,True,根据《关于申报2025年度“武汉大学优秀共青团员”“武汉大学优秀共青团干部”“武汉大学先进团支部”“武汉大学五四红旗团支部”的通知》要求，经个人申请、团支部推荐、院团委全委会讨论通过等，拟推荐周逸羽等40名...,2,2,https://eis.whu.edu.cn/info/1441/11781.htm
2026-04-16,academic_lecture,学术讲座,学术讲座公告---基于磁电偶极子的带内全双工天线去耦技术研究,keep,讲座预告包含未来时间、地点和报告主题，属于可参加事项,keep,5,True,报告时间：2026年4月21日（周二）上午10:00报告地点：武汉大学电子信息学院（于刚宋晓楼）B603会议室报告题目：基于磁电偶极子的带内全双工天线去耦技术研究主讲嘉宾：何业军 深圳大学 特聘教授邀 请 人：万显...,0,0,https://eis.whu.edu.cn/info/2471/54021.htm
2026-04-13,academic_lecture,学术讲座,学术讲座公告---通信感知一体化：理论极限、信号处理及决策优化,keep,讲座预告包含未来时间、地点和报告主题，属于可参加事项,keep,5,True,报告时间：2026年4月16日（周四）下午4:00报告地点：武汉大学电子信息学院（于刚宋晓楼）B603会议室报告题目：通信感知一体化：理论极限、信号处理及决策优化报 告 人：魏志强 教授邀 请 人...,0,0,https://eis.whu.edu.cn/info/2471/54011.htm
2026-04-13,student_notice,学工通知,关于推荐表彰2025年度电信芯榜样的通知,keep,学生荣誉推荐评选,keep,10,True,为表彰在学术科研、文体与社团活动、志愿服务与社会实践等方面成绩突出、有代表性的先进个人和集体，现将2025年度电信芯榜样（学生）申报推荐通知如下： 一、荣誉设置 （一） 学术科创类 （二） 文体与社团活动类 （...,2,0,https://eis.whu.edu.cn/info/1411/8311.htm
2026-04-11,student_notice,学工通知,关于组织研究生参加第九届中国研究生创“芯”大赛武汉大学选拔赛的通知,filter,明确仅面向研究生，不属于本科生范围,filter,6,True,各相关研究生培养单位： 中国研究生创“芯”大赛是由教育部学位管理与研究生教育司指导，中国学位与研究生教育学会、中国集成电路创新联盟共同主办的“中国研究生创新实践系列大赛”主题赛事之一。大赛旨在服务国家集...,3,0,https://eis.whu.edu.cn/info/1411/8291.htm
2026-04-11,student_notice,学工通知,关于组织研究生参加武汉大学第二十届研究生电子设计大赛暨第二十一届中国研究生电子设计竞赛校园选拔赛的通知,filter,明确仅面向研究生，不属于本科生范围,filter,8,True,各相关研究生培养单位： “中国研究生电子设计竞赛”（简称“研电赛”）由教育部学位管理与研究生教育司指导，中国学位与研究生教育学会、中国电子学会联合主办的“中国研究生创新实践系列大赛”主题赛事之一。武汉大...,6,3,https://eis.whu.edu.cn/info/1411/8301.htm
2026-04-10,general_notice,综合通知,关于开展武汉大学电子信息学院首批院级“样板党支部”培育创建工作的通知,review,含学生党支部申报机会，但行动主体是党支部而非普通学生,review,0,True,全院党支部：为深入学习贯彻习近平新时代中国特色社会主义思想，严格落实《中国共产党普通高等学校基层组织工作条例》，对标学校“样板党支部”培育创建工作，持续增强党支部政治功能和组织功能，夯实学院党建工作基...,2,0,https://eis.whu.edu.cn/info/1261/1581.htm
2026-04-10,student_notice,学工通知,电子信息学院2026届优秀本科毕业生拟推荐名单公示,review,结果公示没有新申请，但异议期对相关学生重要,review,10,True,根据学校《关于评选2026届优秀本科毕业生的通知》，经个人申请、班级评议、学院评审等环节，现将我院2026届优秀本科毕业生拟推荐名单公示（按姓氏笔画排序），见附件。 如对上述推荐结果有异议，请于4月14日17点前以...,1,0,https://eis.whu.edu.cn/info/1411/8281.htm
2026-04-10,youth_league,共青团工作,关于武汉大学电子信息学院2026年上半年团支部“推优入党”名单的公示(入党积极分子和发展对象候选人),review,名单公示包含本科生且有异议期，但无新的申请动作,review,3,True,学院各团支部：2026年4月，我院团委组织各年级团支部开展了“推优入党”工作。经团支部“推优”大会民主评议通过，共向党组织推荐146名符合条件的共青团员作为入党积极分子候选人，91名符合条件的入党积极分子作为发...,2,0,https://eis.whu.edu.cn/info/1441/11771.htm
2026-04-07,student_activity,学生活动,科创筑基，智启新程——电子信息学院2025级试点班开班仪式顺利举行,filter,活动已经举行，正文为新闻回顾而非新的报名或申请机会,filter,-10,True,4月3日下午，电子信息学院2025级试点班开班仪式在于刚宋晓楼智莱报告厅隆重举行。电子信息学院党委书记李德识、副院长万显荣、教学管理办公室主任隋竹翠、学生工作办公室主任史诗阳、优秀院友代表宋阳、各试点班班主...,0,0,https://eis.whu.edu.cn/info/1421/13851.htm
2026-04-07,student_notice,学工通知,关于武汉大学电子信息学院第二十六届学生会主席团候选人报名推荐的通知,keep,本科生可报名或被推荐的学生组织岗位,keep,6,True,根据《普通高等学校学生（研究生）代表大会工作规定》（中青办联发〔2021〕3号）《武汉大学电子信息学院学生会章程》等文件要求，结合我院实际情况，拟定于2026年5月召开武汉大学电子信息学院第二十六次学生代表大会...,4,0,https://eis.whu.edu.cn/info/1411/8271.htm
2026-04-03,student_notice,学工通知,电子信息学院关于2026年学生清明节放假安排的通知,keep,重要本科生教学与假期安排,keep,3,True,全院学生： 根据学校《关于2026年清明节期间教学安排调整的通知》，现将清明节期间放假安排及相关通知如下： 一、时间安排 2026年清明节4月4日（周六）至6日（周一）放假，共3天。教学安排调整通知如下： 4月4日-6日...,0,0,https://eis.whu.edu.cn/info/1411/8261.htm
2026-03-30,student_activity,学生活动,聚焦学情促提升，协同发力共育人——我院学情分析座谈交流会顺利召开,filter,活动已经举行，正文为新闻回顾而非新的报名或申请机会,filter,-10,True,为深入了解学生学习需求，持续优化人才培养体系，我院于3月27日上午召开学情分析座谈交流会。学院党委书记李德识，党委副书记李海波，副院长万显荣，学院教学指导委员会代表贺赛先，教师代表张海剑、赵晨、周立青、茹...,0,0,https://eis.whu.edu.cn/info/1421/13801.htm
2026-03-30,student_activity,学生活动,第十三届“自强杯”大学生创业计划竞赛电子信息学院院内指导赛顺利举行,filter,活动已经举行，正文为新闻回顾而非新的报名或申请机会,filter,-10,True,为深入贯彻创新驱动发展战略，激发我院学子创新创业热情，选拔优质项目，武汉大学第十三届“自强杯”大学生创业计划竞赛电子信息学院院内指导赛于2026年3月27日下午在于刚宋晓楼B618顺利举办。本次大赛邀请学院郑宏教...,0,0,https://eis.whu.edu.cn/info/1421/13821.htm
2026-03-30,student_activity,学生活动,电子信息学院2025-2026学年团委学生会终期述职大会顺利举行,filter,活动已经举行，正文为新闻回顾而非新的报名或申请机会,filter,-10,True,逐梦青春路，奋进正当时。为全面总结2025-2026学年学院团委学生会工作成果，查明问题不足，明确未来发展方向，凝聚团学工作新合力，2026年3月30日18:00，武汉大学电子信息学院2025-2026学年团委学生会终期述职大会在...,0,0,https://eis.whu.edu.cn/info/1421/13831.htm
2026-03-30,student_activity,学生活动,樱漫珞珈，志愿暖行——学院学生会圆满完成樱花开放期间志愿服务工作,filter,活动已经举行，正文为新闻回顾而非新的报名或申请机会,filter,-10,True,春风轻拂，樱花烂漫。为维护樱花开放期间的校园秩序，营造温馨有序的校园赏樱氛围，电子信息学院学生会于3月21日至3月22日组织全体工作人员参与现场秩序维护与服务引导工作，以实际行动彰显电信青年的责任与担当。本...,0,0,https://eis.whu.edu.cn/info/1421/13841.htm
2026-03-30,student_activity,学生活动,倾听心声，共话新程——武汉大学电子信息学院院领导接待学生日顺利举行,filter,活动已经举行，正文为新闻回顾而非新的报名或申请机会,filter,-10,True,为切实回应学生关切，搭建师生沟通桥梁，3月27日上午11点，武汉大学电子信息学院院领导接待学生日在于刚宋晓楼B606顺利举办。学院党委书记李德识，党委副书记李海波、王蔡华，副院长万显荣、胡钰林、李仲阳，教学与实...,0,0,https://eis.whu.edu.cn/info/1421/13811.htm
2026-03-30,academic_lecture,学术讲座,"学术讲座公告---Physical-Layer Enablers of Future Wireless Networks: Security, Reconfigurable Propagation, and Cell-Free Architectures",keep,讲座预告包含未来时间、地点和报告主题，属于可参加事项,keep,5,True,"报告时间：2026年3月30日（周一）13：00报告地点：武汉大学电子信息学院于刚·宋晓楼A303会议室报告题目：Physical-Layer Enablers of Future Wireless Networks: Security, Reconfigurable Propagation, and Ce...",0,0,https://eis.whu.edu.cn/info/2471/54001.htm
2026-03-27,academic_lecture,学术讲座,学术讲座公告---高纯度线偏微型准BIC激光器,keep,讲座预告包含未来时间、地点和报告主题，属于可参加事项,keep,5,True,报告时间：2026年3月31日（周二）晚上7：40报告地点：武汉大学电子信息学院于刚·宋晓楼B603会议室报告题目：高纯度线偏微型准BIC激光器报告人：曾永全 报告主题简介：连续域束缚态（BIC）凭借超高品质因子与拓扑...,0,0,https://eis.whu.edu.cn/info/2471/53991.htm
2026-03-27,academic_lecture,学术讲座,​学术讲座公告---超紧凑太赫兹量子级联激光器,keep,讲座预告包含未来时间、地点和报告主题，属于可参加事项,keep,5,True,报告时间：2026年3月31日（周二）晚上7：00报告地点：武汉大学电子信息学院于刚·宋晓楼B603会议室报告题目：超紧凑太赫兹量子级联激光器报告人：崔洁圆 报告主题简介：紧凑型激光光源在集成光电子学和先进光子学...,0,0,https://eis.whu.edu.cn/info/2471/53981.htm
2026-03-27,student_notice,学工通知,武汉大学电子信息类2026届毕业生暨2027届实习生春季专场招聘会邀请函,filter,就业与实习已被当前 V1 明确排除,filter,9,True,尊敬的用人单位： 衷心感谢您对武汉大学电子信息学院就业工作的关注和支持！学院将启动“武汉大学电子信息类2026届毕业生暨2027届实习生春季专场招聘会”，诚邀贵单位莅临选聘人才，共促校企合作、共育时代英才。现将...,2,0,https://eis.whu.edu.cn/info/1411/8241.htm
2026-03-27,student_notice,学工通知,关于开展2024级、2025级本科生学术导师双选工作的通知,keep,本科生需参与的导师双选事务,keep,6,True,为进一步提高人才培养质量，充分发挥教师在学生培养中的主导作用，有效提升本科生的科研能力与学术水平，根据《武汉大学电子信息学院本科生学术导师实施办法》文件精神，学院决定在2024级、2025级本科生中继续实行本...,4,2,https://eis.whu.edu.cn/info/1411/8251.htm
2026-03-26,undergraduate_education,本科生教育,关于组织参加第十四届全国大学生光电设计竞赛的通知,keep,面向本科生的竞赛报名,keep,5,True,全国大学生光电设计竞赛是由中国光学学会主办、已纳入全国普通高校大学生学科竞赛排行榜的重要学科竞赛，旨在提升学生在光电领域创新实践与工程设计能力。根据赛事组委会安排，第十四届全国大学生光电设计竞赛将于20...,3,3,https://eis.whu.edu.cn/info/1401/28941.htm
